[
  { "id": "sapporo", "name": "札幌", "prefecture": "北海道", "region": "hokkaido", "lat": 43.0642, "lng": 141.3469 },
  { "id": "hakodate", "name": "函館", "prefecture": "北海道", "region": "hokkaido", "lat": 41.7688, "lng": 140.7290 },
  { "id": "asahikawa", "name": "旭川", "prefecture": "北海道", "region": "hokkaido", "lat": 43.7706, "lng": 142.3650 },
  { "id": "kushiro", "name": "釧路", "prefecture": "北海道", "region": "hokkaido", "lat": 42.9756, "lng": 144.3820 },
  { "id": "obihiro", "name": "帯広", "prefecture": "北海道", "region": "hokkaido", "lat": 42.9232, "lng": 143.1965 },
  { "id": "aomori", "name": "青森", "prefecture": "青森県", "region": "tohoku", "lat": 40.8244, "lng": 140.7400 },
  { "id": "hachinohe", "name": "八戸", "prefecture": "青森県", "region": "tohoku", "lat": 40.5122, "lng": 141.4884 },
  { "id": "morioka", "name": "盛岡", "prefecture": "岩手県", "region": "tohoku", "lat": 39.7036, "lng": 141.1527 },
  { "id": "akita", "name": "秋田", "prefecture": "秋田県", "region": "tohoku", "lat": 39.7186, "lng": 140.1023 },
  { "id": "sendai", "name": "仙台", "prefecture": "宮城県", "region": "tohoku", "lat": 38.2682, "lng": 140.8694 },
  { "id": "yamagata", "name": "山形", "prefecture": "山形県", "region": "tohoku", "lat": 38.2404, "lng": 140.3633 },
  { "id": "fukushima", "name": "福島", "prefecture": "福島県", "region": "tohoku", "lat": 37.7500, "lng": 140.4676 },
  { "id": "utsunomiya", "name": "宇都宮", "prefecture": "栃木県", "region": "kanto", "lat": 36.5658, "lng": 139.8836 },
  { "id": "mito", "name": "水戸", "prefecture": "茨城県", "region": "kanto", "lat": 36.3418, "lng": 140.4468 },
  { "id": "takasaki", "name": "高崎", "prefecture": "群馬県", "region": "kanto", "lat": 36.3226, "lng": 139.0030 },
  { "id": "saitama", "name": "さいたま", "prefecture": "埼玉県", "region": "kanto", "lat": 35.8617, "lng": 139.6455 },
  { "id": "tokyo", "name": "東京", "prefecture": "東京都", "region": "kanto", "lat": 35.6895, "lng": 139.6917 },
  { "id": "yokohama", "name": "横浜", "prefecture": "神奈川県", "region": "kanto", "lat": 35.4437, "lng": 139.6380 },
  { "id": "chiba", "name": "千葉", "prefecture": "千葉県", "region": "kanto", "lat": 35.6074, "lng": 140.1065 },
  { "id": "niigata", "name": "新潟", "prefecture": "新潟県", "region": "chubu", "lat": 37.9026, "lng": 139.0232 },
  { "id": "nagano", "name": "長野", "prefecture": "長野県", "region": "chubu", "lat": 36.6513, "lng": 138.1811 },
  { "id": "matsumoto", "name": "松本", "prefecture": "長野県", "region": "chubu", "lat": 36.2381, "lng": 137.9720 },
  { "id": "kofu", "name": "甲府", "prefecture": "山梨県", "region": "chubu", "lat": 35.6635, "lng": 138.5685 },
  { "id": "toyama", "name": "富山", "prefecture": "富山県", "region": "chubu", "lat": 36.6953, "lng": 137.2113 },
  { "id": "kanazawa", "name": "金沢", "prefecture": "石川県", "region": "chubu", "lat": 36.5613, "lng": 136.6562 },
  { "id": "fukui", "name": "福井", "prefecture": "福井県", "region": "chubu", "lat": 36.0652, "lng": 136.2216 },
  { "id": "hamamatsu", "name": "浜松", "prefecture": "静岡県", "region": "chubu", "lat": 34.7108, "lng": 137.7261 },
  { "id": "shizuoka", "name": "静岡", "prefecture": "静岡県", "region": "chubu", "lat": 34.9756, "lng": 138.3828 },
  { "id": "nagoya", "name": "名古屋", "prefecture": "愛知県", "region": "chubu", "lat": 35.1815, "lng": 136.9066 },
  { "id": "tsu", "name": "津", "prefecture": "三重県", "region": "kinki", "lat": 34.7302, "lng": 136.5086 },
  { "id": "otsu", "name": "大津", "prefecture": "滋賀県", "region": "kinki", "lat": 35.0045, "lng": 135.8686 },
  { "id": "kyoto", "name": "京都", "prefecture": "京都府", "region": "kinki", "lat": 35.0116, "lng": 135.7681 },
  { "id": "osaka", "name": "大阪", "prefecture": "大阪府", "region": "kinki", "lat": 34.6937, "lng": 135.5023 },
  { "id": "kobe", "name": "神戸", "prefecture": "兵庫県", "region": "kinki", "lat": 34.6901, "lng": 135.1956 },
  { "id": "nara", "name": "奈良", "prefecture": "奈良県", "region": "kinki", "lat": 34.6851, "lng": 135.8050 },
  { "id": "wakayama", "name": "和歌山", "prefecture": "和歌山県", "region": "kinki", "lat": 34.2261, "lng": 135.1675 },
  { "id": "tottori", "name": "鳥取", "prefecture": "鳥取県", "region": "chugoku", "lat": 35.5011, "lng": 134.2351 },
  { "id": "matsue", "name": "松江", "prefecture": "島根県", "region": "chugoku", "lat": 35.4723, "lng": 133.0505 },
  { "id": "okayama", "name": "岡山", "prefecture": "岡山県", "region": "chugoku", "lat": 34.6618, "lng": 133.9344 },
  { "id": "fukuyama", "name": "福山", "prefecture": "広島県", "region": "chugoku", "lat": 34.4853, "lng": 133.3625 },
  { "id": "hiroshima", "name": "広島", "prefecture": "広島県", "region": "chugoku", "lat": 34.3853, "lng": 132.4553 },
  { "id": "yamaguchi", "name": "山口", "prefecture": "山口県", "region": "chugoku", "lat": 34.1859, "lng": 131.4706 },
  { "id": "tokushima", "name": "徳島", "prefecture": "徳島県", "region": "shikoku", "lat": 34.0657, "lng": 134.5593 },
  { "id": "takamatsu", "name": "高松", "prefecture": "香川県", "region": "shikoku", "lat": 34.3401, "lng": 134.0434 },
  { "id": "matsuyama", "name": "松山", "prefecture": "愛媛県", "region": "shikoku", "lat": 33.8416, "lng": 132.7657 },
  { "id": "kochi", "name": "高知", "prefecture": "高知県", "region": "shikoku", "lat": 33.5597, "lng": 133.5311 },
  { "id": "kitakyushu", "name": "北九州", "prefecture": "福岡県", "region": "kyushu_okinawa", "lat": 33.8834, "lng": 130.8751 },
  { "id": "fukuoka", "name": "福岡", "prefecture": "福岡県", "region": "kyushu_okinawa", "lat": 33.5904, "lng": 130.4017 },
  { "id": "saga", "name": "佐賀", "prefecture": "佐賀県", "region": "kyushu_okinawa", "lat": 33.2494, "lng": 130.2988 },
  { "id": "nagasaki", "name": "長崎", "prefecture": "長崎県", "region": "kyushu_okinawa", "lat": 32.7503, "lng": 129.8779 },
  { "id": "sasebo", "name": "佐世保", "prefecture": "長崎県", "region": "kyushu_okinawa", "lat": 33.1595, "lng": 129.7155 },
  { "id": "kumamoto", "name": "熊本", "prefecture": "熊本県", "region": "kyushu_okinawa", "lat": 32.8031, "lng": 130.7079 },
  { "id": "oita", "name": "大分", "prefecture": "大分県", "region": "kyushu_okinawa", "lat": 33.2382, "lng": 131.6126 },
  { "id": "miyazaki", "name": "宮崎", "prefecture": "宮崎県", "region": "kyushu_okinawa", "lat": 31.9111, "lng": 131.4239 },
  { "id": "kagoshima", "name": "鹿児島", "prefecture": "鹿児島県", "region": "kyushu_okinawa", "lat": 31.5966, "lng": 130.5571 },
  { "id": "naha", "name": "那覇", "prefecture": "沖縄県", "region": "kyushu_okinawa", "lat": 26.2124, "lng": 127.6809 }
]
